{
  "photographer@savills.com": {
    "email": "photographer@savills.com",
    "brochures_created": 0,
    "trial_brochures_used": 0,
    "trial_limit": 100,
    "is_trial": false,
    "subscription_tier": "enterprise",
    "created_at": "2025-10-14T14:32:19.694204",
    "last_used": "2025-10-14T14:32:19.694204"
  },
  "james.smith@savills.com": {
    "email": "james.smith@savills.com",
    "brochures_created": 0,
    "trial_brochures_used": 0,
    "trial_limit": 100,
    "is_trial": false,
    "subscription_tier": "enterprise",
    "created_at": "2025-10-14T14:33:20.767339",
    "last_used": "2025-10-14T14:33:20.767339"
  },
  "test@savills.com": {
    "email": "test@savills.com",
    "brochures_created": 0,
    "trial_brochures_used": 0,
    "trial_limit": 100,
    "is_trial": false,
    "subscription_tier": "enterprise",
    "created_at": "2025-10-14T20:52:54.327745",
    "last_used": "2025-10-14T20:52:54.327745"
  },
  "emma.johnson@savills.com": {
    "email": "emma.johnson@savills.com",
    "brochures_created": 0,
    "trial_brochures_used": 0,
    "trial_limit": 100,
    "is_trial": false,
    "subscription_tier": "enterprise",
    "created_at": "2025-10-15T18:24:49.693588",
    "last_used": "2025-10-15T18:24:49.693588"
  }
}